StartDate,EndDate,Status,Progress,Duration (in seconds),Finished,RecordedDate,ResponseId,DistributionChannel,UserLanguage,age,sex,race ,year ,gpa _1,degree ,undergrad ,grad ,combined ,sleepDuration,sleepEnough,regSleep ,sleepCatchUp ,allNighter ,dayTired ,fallStayAsleep ,sleepDisorder,napFreq,napDuration ,leisureTime ,leisureFreq,socialMedia ,socMedDuration ,academic _1,mentalHealth _1,mentalHealth _2,mentalHealth _3,mentalHealth _4
Start Date,End Date,Response Type,Progress,Duration (in seconds),Finished,Recorded Date,Response ID,Distribution Channel,User Language,What is your age?,What is your sex (assigned at birth)?,What is your race/ethnicity?,What school year are you in?,What is your GPA? - Please enter in 0.00 format.,What type of degree are you pursuing?,What is your major? (undergraduate),What is your major? (graduate),What is your combined degree in?,"During a regular semester, how many hours do you sleep each night on average?",Do you feel like the amount you sleep each night is enough for you?,Do you have a regular sleep schedule (do you wake up and go to bed around the same time everyday)?,"Do you try to ""catch-up"" on sleep by sleeping-in when you can?","During a regular semester, do you ever ""pull an all-nighter"" to study?","After a full nights rest, do you often still feel tired during the day?",Do you have trouble falling or staying asleep?,Have you been diagnosed with a sleeping disorder?,How often do you nap during a regular semester?,How long do you usually nap for?,"Do you have leisure time? In other words, do you spend time on activities not related to school or work (reading, drawing, watching TV, etc.)?","During a regular semester, how much leisure time do you have?",Do you use social media?,How much time do you spend on social media?,How do you feel you are doing academically? - Select One,"In general, how would you describe your mental health? - Motivation & Energy","In general, how would you describe your mental health? - Stress Levels","In general, how would you describe your mental health? - Concentration","In general, how would you describe your mental health? - Overall Mood"
"{""ImportId"":""startDate"",""timeZone"":""America/Denver""}","{""ImportId"":""endDate"",""timeZone"":""America/Denver""}","{""ImportId"":""status""}","{""ImportId"":""progress""}","{""ImportId"":""duration""}","{""ImportId"":""finished""}","{""ImportId"":""recordedDate"",""timeZone"":""America/Denver""}","{""ImportId"":""_recordId""}","{""ImportId"":""distributionChannel""}","{""ImportId"":""userLanguage""}","{""ImportId"":""QID1""}","{""ImportId"":""QID17""}","{""ImportId"":""QID2""}","{""ImportId"":""QID3""}","{""ImportId"":""QID6_1""}","{""ImportId"":""QID24""}","{""ImportId"":""QID9""}","{""ImportId"":""QID25""}","{""ImportId"":""QID26""}","{""ImportId"":""QID18""}","{""ImportId"":""QID19""}","{""ImportId"":""QID20""}","{""ImportId"":""QID21""}","{""ImportId"":""QID5""}","{""ImportId"":""QID15""}","{""ImportId"":""QID11""}","{""ImportId"":""QID12""}","{""ImportId"":""QID22""}","{""ImportId"":""QID23""}","{""ImportId"":""QID7""}","{""ImportId"":""QID28""}","{""ImportId"":""QID31""}","{""ImportId"":""QID8""}","{""ImportId"":""QID14_1""}","{""ImportId"":""QID16_1""}","{""ImportId"":""QID16_2""}","{""ImportId"":""QID16_3""}","{""ImportId"":""QID16_4""}"
2021-11-18 14:01:38,2021-11-18 14:04:05,IP Address,100,147,TRUE,2021-11-18 14:04:05,R_WedrFrciXIoIuiZ,anonymous,EN,20,Male,White or Caucasian,Third year,3.98,Undergraduate,Marketing,,,5-6 hours.,No,No,Yes,"No, never.",Yes,No,,Rarely,30-60 minutes.,No,,Yes,1-3 hours/day.,Good,Ok,Not Good,Ok,Not Good
2021-11-18 14:12:24,2021-11-18 14:14:10,IP Address,100,106,TRUE,2021-11-18 14:14:10,R_3lXHHPKHx0VH4ws,anonymous,EN,21,Female,White or Caucasian,Fourth year,2.1,Undergraduate,Biology,,,Less than 5 hours.,No,No,No,"Yes, I do it often.",Yes,Yes,Yes,Rarely,Less than 30 minutes.,No,,Yes,1-3 hours/day.,Ok,Not Good,Bad,Not Good,Bad
2021-11-18 14:27:56,2021-11-18 14:31:02,IP Address,100,186,TRUE,2021-11-18 14:31:02,R_27D7l6uPtrHFfmp,qr,EN,24,Female,White or Caucasian,Fifth or more year,3.50,Graduate,,Biostatistics,,7-8 hours.,No,No,Yes,"Yes, rarely.",Yes,Yes,No,Never,,No,,Yes,1-3 hours/day.,Ok,Ok,Good,Not Good,Good
2021-11-18 14:27:31,2021-11-18 14:31:08,IP Address,100,216,TRUE,2021-11-18 14:31:08,R_1kM2q29rTjJaH2q,qr,EN,20,Male,White or Caucasian,Second year,3.913,Undergraduate,"Psychology,Statistics",,,7-8 hours.,No,Yes,Yes,"No, never.",Yes,Yes,No,Never,,No,,Yes,1-3 hours/day.,Great,Not Good,Bad,Good,Ok
2021-11-18 14:27:42,2021-11-18 14:36:26,IP Address,100,523,TRUE,2021-11-18 14:36:26,R_1EaOrOJ1ewYBPob,qr,EN,21,Female,White or Caucasian,Third year,3.78,Combined Degree,,,Statistics and Biostatistics,7-8 hours.,Yes,Yes,Yes,"Yes, rarely.",No,Yes,No,Every day,30-60 minutes.,Yes,1-3 hours/day.,Yes,1-3 hours/day.,Great,Good,Great,Good,Great
2021-11-18 14:34:33,2021-11-18 14:41:19,IP Address,100,405,TRUE,2021-11-18 14:41:19,R_1hWinJzP6dbyruj,anonymous,EN,,Male,Multiracial or Biracial,Second year,4.0,Undergraduate,Writing,,,6-7 hours.,Yes,Yes,Yes,"Yes, rarely.",No,No,,Rarely,More than 90 minutes.,Yes,I spend some time on personal activities a few times a week.,Yes,Less than 1 hour/day.,Ok,Not Good,Bad,Not Good,Ok
2021-11-18 14:41:31,2021-11-18 14:43:03,IP Address,100,92,TRUE,2021-11-18 14:43:04,R_3R49mA3v8KGB66g,anonymous,EN,,Male,White or Caucasian,Fourth year,2.7,Undergraduate,Film and Video,,,9-10 hours.,No,No,No,"Yes, rarely.",Yes,Yes,Yes,Rarely,60-90 minutes.,Yes,1-3 hours/day.,No,,Good,Bad,Ok,Bad,Ok
2021-11-18 15:06:35,2021-11-18 15:12:15,IP Address,100,339,TRUE,2021-11-18 15:12:15,R_2s7oYkPYSlv6Pmc,anonymous,EN,20,Male,White or Caucasian,Third year,3.90,Undergraduate,Cybersecurity,,,6-7 hours.,No,No,Yes,"No, never.",Yes,Yes,No,Rarely,Less than 30 minutes.,Yes,1-3 hours/day.,No,,Great,Not Good,Good,Ok,Ok
2021-11-18 17:14:22,2021-11-18 17:18:19,IP Address,100,236,TRUE,2021-11-18 17:18:19,R_1PTyWaz4eqFdBv3,anonymous,EN,22,Female,White or Caucasian,Fifth or more year,3.40,Undergraduate,Biology,,,7-8 hours.,No,No,Yes,"Yes, rarely.",Yes,Yes,Yes,Every day,30-60 minutes.,Yes,I spend some time on personal activities a few times a week.,Yes,1-3 hours/day.,Good,Ok,Not Good,Ok,Good
2021-11-18 18:27:39,2021-11-18 18:31:20,IP Address,100,221,TRUE,2021-11-18 18:31:20,R_8e2xUHwg5ML8I3n,qr,EN,21,Male,White or Caucasian,Fourth year,3.72,Undergraduate,Biomedical Sciences,,,7-8 hours.,Yes,Yes,Yes,"No, never.",No,No,,Never,,Yes,1-3 hours/day.,Yes,1-3 hours/day.,Good,Great,Good,Great,Good
2021-11-18 21:52:37,2021-11-18 21:57:20,IP Address,100,283,TRUE,2021-11-18 21:57:20,R_1o1Eu3jTf2n3330,anonymous,EN,25,Male,White or Caucasian,,,Undergraduate,Writing,,,6-7 hours.,Yes,No,Yes,"No, never.",Yes,No,,Every day,Less than 30 minutes.,Yes,I spend some time on personal activities a few times a week.,Yes,Less than 1 hour/day.,Ok,Ok,Ok,Ok,Good
2021-11-19 11:22:17,2021-11-19 11:24:09,IP Address,100,112,TRUE,2021-11-19 11:24:09,R_3327LDiGablfT2F,anonymous,EN,23,Female,White or Caucasian,Fifth or more year,3.85,Graduate,,Public Health,,6-7 hours.,No,No,Yes,"No, never.",Yes,No,,Never,,Yes,3-6 hours/day.,Yes,1-3 hours/day.,Great,Ok,Ok,Bad,Ok
2021-11-19 11:24:23,2021-11-19 11:25:49,IP Address,100,86,TRUE,2021-11-19 11:25:50,R_2WvZuBLKsPeyJTb,anonymous,EN,19,Female,White or Caucasian,Second year,3.85,Undergraduate,Communication Sciences and Disorders,,,5-6 hours.,No,Yes,Yes,"No, never.",Yes,No,,Rarely,30-60 minutes.,No,,Yes,1-3 hours/day.,Good,Not Good,Bad,Ok,Good
2021-11-19 11:22:43,2021-11-19 11:26:28,IP Address,100,225,TRUE,2021-11-19 11:26:29,R_0whva9n7BfG8IDf,anonymous,EN,,Female,White or Caucasian,Third year,3.4,Undergraduate,Allied Health Sciences,,,9-10 hours.,Yes,Yes,No,"No, never.",Yes,No,,A few times a week,30-60 minutes.,Yes,1-3 hours/day.,Yes,1-3 hours/day.,Good,Ok,Ok,Ok,Ok
2021-11-19 11:24:13,2021-11-19 11:26:29,IP Address,100,135,TRUE,2021-11-19 11:26:29,R_2bW49R1zMN7Te9k,anonymous,EN,22,Female,White or Caucasian,Fourth year,3.64,Undergraduate,"Criminal Justice,Legal Studies",,,6-7 hours.,No,No,Yes,"No, never.",Yes,Yes,No,A few times a week,30-60 minutes.,Yes,1-3 hours/day.,Yes,3-6 hours/day.,Good,Not Good,Not Good,Ok,Good
2021-11-19 11:25:28,2021-11-19 11:26:57,IP Address,100,88,TRUE,2021-11-19 11:26:57,R_3J2HognwNECqxM9,anonymous,EN,,Female,White or Caucasian,Third year,3.96,Undergraduate,"Accounting,Finance,International Business",,,5-6 hours.,No,No,Yes,"Yes, rarely.",Yes,Yes,No,Never,,No,,Yes,6-9 hours/day.,Good,Ok,Ok,Ok,Ok
2021-11-19 11:26:41,2021-11-19 11:28:24,IP Address,100,103,TRUE,2021-11-19 11:28:24,R_1q3wVUhVjFfMaXR,anonymous,EN,,Female,White or Caucasian,Third year,3.3,Undergraduate,Radiation Therapy,,,5-6 hours.,No,Yes,Yes,"Yes, rarely.",Yes,No,,Rarely,Less than 30 minutes.,No,,Yes,1-3 hours/day.,Great,Ok,Not Good,Ok,Good
2021-11-19 11:38:55,2021-11-19 11:42:13,IP Address,100,198,TRUE,2021-11-19 11:42:13,R_3jVCOmhyN4sKYjW,anonymous,EN,19,Female,White or Caucasian,Second year,3.5,Undergraduate,Psychology,,,6-7 hours.,No,Yes,Yes,"No, never.",Yes,No,,Never,,Yes,3-6 hours/day.,Yes,Less than 1 hour/day.,Good,Not Good,Good,Ok,Ok
2021-11-19 18:44:35,2021-11-19 18:47:23,IP Address,100,167,TRUE,2021-11-19 18:47:23,R_ZxD3zd4Z0RfybTP,anonymous,EN,21,Male,Asian or Pacific Islander,Fourth year,3.6,Undergraduate,Criminal Justice,,,6-7 hours.,Yes,Yes,Yes,"Yes, rarely.",No,Yes,No,Rarely,60-90 minutes.,Yes,1-3 hours/day.,No,,Great,Great,Ok,Ok,Great
2021-11-19 19:37:54,2021-11-19 19:42:45,IP Address,100,290,TRUE,2021-11-19 19:42:45,R_1gCPfCKTSkiwOuE,anonymous,EN,18,Female,White or Caucasian,First year,,Undergraduate,Applied Food and Nutrition,,,6-7 hours.,No,Yes,Yes,"No, never.",No,No,,Never,,Yes,1-3 hours/day.,Yes,Less than 1 hour/day.,Good,Good,Ok,Ok,Good
2021-11-19 22:15:27,2021-11-19 22:18:34,IP Address,100,186,TRUE,2021-11-19 22:18:34,R_3j84kTHvZBIZQS8,anonymous,EN,22,Female,White or Caucasian,Fifth or more year,3.90,Undergraduate,Spanish,,,6-7 hours.,No,No,Yes,"Yes, rarely.",Yes,Yes,No,Never,,No,,Yes,3-6 hours/day.,Good,Ok,Not Good,Not Good,Good
2021-11-20 08:07:55,2021-11-20 08:12:09,IP Address,100,254,TRUE,2021-11-20 08:12:09,R_1psau6QyTxtm01V,anonymous,EN,21,Female,White or Caucasian,Fourth year,3.79,Undergraduate,Exercise Science,,,7-8 hours.,Yes,Yes,Yes,"No, never.",No,No,,Rarely,60-90 minutes.,Yes,3-6 hours/day.,No,,Great,Great,Great,Good,Good
2021-11-20 09:16:57,2021-11-20 09:19:24,IP Address,100,146,TRUE,2021-11-20 09:19:24,R_2rkZSTB3QgamJIN,anonymous,EN,22,Female,White or Caucasian,Fourth year,4.0,Undergraduate,Statistics,,,7-8 hours.,Yes,Yes,Yes,"No, never.",Yes,Yes,No,Rarely,Less than 30 minutes.,Yes,1-3 hours/day.,Yes,Less than 1 hour/day.,Great,Good,Good,Great,Ok
2021-11-20 09:30:39,2021-11-20 09:34:20,IP Address,100,220,TRUE,2021-11-20 09:34:20,R_2q9QtzRB6r05e2I,anonymous,EN,20,Female,White or Caucasian,Third year,3.98,Undergraduate,Statistics,,,7-8 hours.,Yes,Yes,Yes,"No, never.",Yes,No,,Rarely,30-60 minutes.,Yes,I spend some time on personal activities a few times a week.,Yes,1-3 hours/day.,Great,Good,Good,Ok,Good
2021-11-20 09:35:18,2021-11-20 09:41:49,IP Address,100,390,TRUE,2021-11-20 09:41:49,R_8hWBuykqtCoqFDH,anonymous,EN,22,Female,White or Caucasian,Fourth year,2.6,Undergraduate,Mathematics,,,6-7 hours.,Yes,No,Yes,"Yes, I do it often.",Yes,Yes,No,Rarely,More than 90 minutes.,No,,No,,Not Good,Not Good,Not Good,Bad,Ok
2021-11-20 13:36:38,2021-11-20 13:41:15,IP Address,100,277,TRUE,2021-11-20 13:41:15,R_2ASYSsvoztQCXIV,anonymous,EN,22,Female,White or Caucasian,Fourth year,3.2,Undergraduate,Biochemistry,,,6-7 hours.,Yes,No,Yes,"No, never.",Yes,No,,A few times a week,30-60 minutes.,No,,Yes,1-3 hours/day.,Ok,Bad,Bad,Not Good,Ok
2021-11-20 13:40:56,2021-11-20 13:43:13,IP Address,100,136,TRUE,2021-11-20 13:43:13,R_3hmsCOaJiceA434,anonymous,EN,21,Female,White or Caucasian,Fourth year,3.86,Undergraduate,Biomedical Sciences,,,5-6 hours.,No,No,No,"No, never.",Yes,Yes,No,Rarely,Less than 30 minutes.,No,,No,,Great,Ok,Bad,Ok,Ok
2021-11-20 16:41:00,2021-11-20 16:44:00,IP Address,100,179,TRUE,2021-11-20 16:44:00,R_2X0TuIaFF9hRIVc,anonymous,EN,,Male,White or Caucasian,Fifth or more year,3.533,Undergraduate,Cell and Molecular Biology,,,7-8 hours.,Yes,Yes,Yes,"Yes, rarely.",Yes,Yes,Yes,Never,,Yes,3-6 hours/day.,No,,Good,Great,Good,Good,Great
2021-11-20 20:55:24,2021-11-20 20:58:06,IP Address,100,162,TRUE,2021-11-20 20:58:07,R_2XpStnDFK3Rzzxn,anonymous,EN,22,Female,White or Caucasian,Fourth year,2.7,Undergraduate,Cell and Molecular Biology,,,5-6 hours.,Yes,No,Yes,"No, never.",Yes,No,,A few times a week,60-90 minutes.,Yes,3-6 hours/day.,Yes,1-3 hours/day.,Not Good,Bad,Bad,Bad,Bad
2021-11-22 11:58:25,2021-11-22 12:00:28,IP Address,100,122,TRUE,2021-11-22 12:00:29,R_3j35qfGgWvlbT31,anonymous,EN,21,Female,White or Caucasian,Fourth year,3.98,Combined Degree,,,Accounting,7-8 hours.,Yes,No,Yes,"No, never.",Yes,Yes,No,Never,,Yes,I spend some time on personal activities a few times a week.,Yes,1-3 hours/day.,Great,Ok,Not Good,Ok,Ok
2021-11-22 11:58:52,2021-11-22 12:00:50,IP Address,100,117,TRUE,2021-11-22 12:00:50,R_0fbUl5d1sWnVvJD,anonymous,EN,,Female,White or Caucasian,Third year,3.5,Undergraduate,Management,,,5-6 hours.,No,Yes,Yes,"No, never.",Yes,Yes,No,Rarely,Less than 30 minutes.,Yes,I spend some time on personal activities a few times a week.,Yes,1-3 hours/day.,Good,Ok,Not Good,Ok,Good
2021-11-22 11:58:17,2021-11-22 12:01:10,IP Address,100,172,TRUE,2021-11-22 12:01:10,R_2dSKrzt3jUcSQy4,anonymous,EN,22,Male,White or Caucasian,Fifth or more year,2.9,Undergraduate,Advertising and Public Relations,,,7-8 hours.,No,Yes,No,"Yes, rarely.",Yes,Yes,No,Rarely,30-60 minutes.,Yes,1-3 hours/day.,Yes,Less than 1 hour/day.,Good,Ok,Ok,Ok,Ok
2021-11-22 11:59:23,2021-11-22 12:01:12,IP Address,100,108,TRUE,2021-11-22 12:01:12,R_RsrmDjAKkedqRTb,anonymous,EN,25,Male,White or Caucasian,Third year,3.5,Graduate,,Physician Assistant Studies,,6-7 hours.,No,No,Yes,"No, never.",No,No,,Rarely,30-60 minutes.,No,,Yes,1-3 hours/day.,Great,Good,Ok,Good,Ok
2021-11-22 11:58:51,2021-11-22 12:01:23,IP Address,100,152,TRUE,2021-11-22 12:01:23,R_1JKDi9eoBd7JRKr,anonymous,EN,22,Female,White or Caucasian,Fifth or more year,3.9,Undergraduate,Recreational Therapy,,,6-7 hours.,Yes,Yes,Yes,"No, never.",Yes,No,,Rarely,30-60 minutes.,Yes,1-3 hours/day.,Yes,1-3 hours/day.,Good,Ok,Good,Ok,Good
2021-11-22 12:00:34,2021-11-22 12:02:04,IP Address,100,90,TRUE,2021-11-22 12:02:05,R_XzSZEQ6i83RMSWt,anonymous,EN,21,Male,White or Caucasian,Third year,3.20,Undergraduate,Criminal Justice,,,5-6 hours.,No,No,Yes,"Yes, rarely.",No,No,,Rarely,30-60 minutes.,Yes,1-3 hours/day.,Yes,1-3 hours/day.,Ok,Ok,Ok,Good,Good
2021-11-22 11:59:05,2021-11-22 12:02:13,IP Address,100,187,TRUE,2021-11-22 12:02:13,R_2AExck3WyZVKIwy,anonymous,EN,19,Female,White or Caucasian,Second year,3.45,Undergraduate,Hospitality and Tourism Management,,,9-10 hours.,Yes,Yes,Yes,"No, never.",Yes,Yes,No,Rarely,More than 90 minutes.,Yes,3-6 hours/day.,Yes,3-6 hours/day.,Good,Not Good,Good,Great,Ok
2021-11-22 11:59:27,2021-11-22 12:02:17,IP Address,100,170,TRUE,2021-11-22 12:02:18,R_3NUk6ZfwFIcqVKk,anonymous,EN,18,Female,White or Caucasian,First year,N/A,Undergraduate,Psychology,,,7-8 hours.,No,Yes,Yes,"Yes, rarely.",Yes,No,,A few times a week,More than 90 minutes.,Yes,3-6 hours/day.,Yes,1-3 hours/day.,Good,Bad,Bad,Ok,Not Good
2021-11-22 11:59:23,2021-11-22 12:02:22,IP Address,100,179,TRUE,2021-11-22 12:02:23,R_3nMdGcSeHRJ4jNR,anonymous,EN,20,Male,White or Caucasian,Second year,3.2,Undergraduate,Biomedical Sciences,,,6-7 hours.,Yes,Yes,Yes,"Yes, rarely.",Yes,Yes,No,Rarely,30-60 minutes.,Yes,1-3 hours/day.,Yes,1-3 hours/day.,Not Good,Bad,Not Good,Bad,Not Good
2021-11-22 12:00:11,2021-11-22 12:02:34,IP Address,100,142,TRUE,2021-11-22 12:02:34,R_UPH0xCMzx1L8Lqp,anonymous,EN,19,Male,White or Caucasian,Second year,3.9,Undergraduate,Multimedia Journalism,,,7-8 hours.,Yes,Yes,Yes,"No, never.",Yes,No,,Rarely,30-60 minutes.,Yes,3-6 hours/day.,Yes,Less than 1 hour/day.,Good,Ok,Ok,Good,Good
2021-11-22 11:58:50,2021-11-22 12:02:52,IP Address,100,241,TRUE,2021-11-22 12:02:52,R_4Pyqcq0yCla4m2Z,anonymous,EN,22,Male,White or Caucasian,Fourth year,3.6,Undergraduate,Mathematics,,,5-6 hours.,No,Yes,Yes,"No, never.",Yes,No,,A few times a week,30-60 minutes.,Yes,1-3 hours/day.,Yes,1-3 hours/day.,Good,Not Good,Not Good,Ok,Ok
2021-11-22 11:59:53,2021-11-22 12:02:57,IP Address,100,184,TRUE,2021-11-22 12:02:58,R_yHM2ipixpbg3vDX,anonymous,EN,19,Female,White or Caucasian,Second year,2.56,Undergraduate,"History,Psychology",,,7-8 hours.,Yes,No,Yes,"No, never.",Yes,Yes,No,Rarely,60-90 minutes.,Yes,1-3 hours/day.,Yes,3-6 hours/day.,Good,Ok,Ok,Not Good,Ok
2021-11-22 12:02:09,2021-11-22 12:04:07,IP Address,100,117,TRUE,2021-11-22 12:04:07,R_VJzfBmZ0G5D0OCB,anonymous,EN,23,Male,White or Caucasian,Fifth or more year,3.23,Undergraduate,Mathematics,,,7-8 hours.,Yes,Yes,No,"No, never.",No,No,,Rarely,30-60 minutes.,Yes,3-6 hours/day.,No,,Great,Good,Ok,Good,Great
2021-11-22 12:02:36,2021-11-22 12:04:16,IP Address,100,99,TRUE,2021-11-22 12:04:16,R_UgRmk3HdJTevZUB,anonymous,EN,18,Female,White or Caucasian,First year,3.4,Undergraduate,Exercise Science,,,6-7 hours.,No,Yes,Yes,"No, never.",Yes,Yes,No,Rarely,30-60 minutes.,Yes,1-3 hours/day.,Yes,6-9 hours/day.,Ok,Not Good,Not Good,Not Good,Bad
2021-11-22 12:03:10,2021-11-22 12:04:43,IP Address,100,92,TRUE,2021-11-22 12:04:43,R_2PtZ3W6Y6Bzt1Sw,anonymous,EN,20,Male,White or Caucasian,Third year,3.85,Combined Degree,,,Cell and Molecular Biology,9-10 hours.,Yes,Yes,No,"No, never.",No,Yes,Yes,Rarely,Less than 30 minutes.,Yes,1-3 hours/day.,Yes,Less than 1 hour/day.,Great,Good,Ok,Ok,Good
2021-11-22 11:59:47,2021-11-22 12:04:49,IP Address,100,302,TRUE,2021-11-22 12:04:49,R_12eZBqpyz3nQNtR,anonymous,EN,18,Female,White or Caucasian,First year,,Undergraduate,Biomedical Engineering,,,5-6 hours.,No,No,Yes,"Yes, rarely.",Yes,No,,Rarely,60-90 minutes.,Yes,1-3 hours/day.,Yes,1-3 hours/day.,,Ok,Ok,Ok,Ok
2021-11-22 12:02:52,2021-11-22 12:05:06,IP Address,100,134,TRUE,2021-11-22 12:05:06,R_3EXuMhykG2fqzbl,anonymous,EN,21,Male,White or Caucasian,Fourth year,3.36,Undergraduate,Communication Studies,,,5-6 hours.,No,Yes,Yes,"Yes, rarely.",Yes,Yes,No,Rarely,More than 90 minutes.,Yes,I spend some time on personal activities a few times a week.,No,,Good,Not Good,Not Good,Ok,Not Good
2021-11-22 12:03:43,2021-11-22 12:05:41,IP Address,100,118,TRUE,2021-11-22 12:05:42,R_1CEIvHP1Xy1zVEe,anonymous,EN,22,Female,White or Caucasian,Third year,4.00,Undergraduate,Natural Resources Management,,,7-8 hours.,Yes,Yes,Yes,"No, never.",Yes,Yes,Yes,A few times a week,30-60 minutes.,Yes,I spend some time on personal activities a few times a week.,Yes,Less than 1 hour/day.,Great,Not Good,Bad,Ok,Ok
2021-11-22 12:03:23,2021-11-22 12:06:16,IP Address,100,173,TRUE,2021-11-22 12:06:16,R_32QsM1BmJKFmSId,anonymous,EN,23,Female,White or Caucasian,Fifth or more year,3.97,Graduate,,Physical Therapy,,7-8 hours.,Yes,Yes,Yes,"No, never.",No,No,,Rarely,30-60 minutes.,Yes,1-3 hours/day.,Yes,1-3 hours/day.,Great,Good,Good,Great,Good
2021-11-22 12:01:39,2021-11-22 12:06:35,IP Address,100,296,TRUE,2021-11-22 12:06:36,R_1dFf3Awqj3JUobo,anonymous,EN,24,Male,Asian or Pacific Islander,First year,3.20,Graduate,,Data Science and Analytics,,6-7 hours.,Yes,No,No,"Yes, rarely.",No,No,,Never,,Yes,I am too busy with school/work to have regular leisure time in my schedule.,Yes,1-3 hours/day.,Ok,Ok,Ok,Ok,Ok
2021-11-22 12:07:26,2021-11-22 12:09:16,IP Address,100,110,TRUE,2021-11-22 12:09:17,R_3GdgDc5RtOAuUcj,anonymous,EN,20,Female,White or Caucasian,Second year,4.00,Undergraduate,Allied Health Sciences,,,7-8 hours.,Yes,Yes,Yes,"Yes, rarely.",Yes,Yes,No,Rarely,30-60 minutes.,Yes,I spend some time on personal activities a few times a week.,Yes,1-3 hours/day.,Good,Ok,Not Good,Good,Good
2021-11-22 12:06:53,2021-11-22 12:09:34,IP Address,100,160,TRUE,2021-11-22 12:09:34,R_24oWOnmDIOfnrFi,anonymous,EN,22,Female,Multiracial or Biracial,Fifth or more year,2.82,Undergraduate,Film and Video,,,6-7 hours.,No,No,Yes,"No, never.",Yes,Yes,No,A few times a week,60-90 minutes.,Yes,I spend some time on personal activities a few times a week.,Yes,1-3 hours/day.,Ok,Bad,Ok,Not Good,Good
2021-11-22 12:08:43,2021-11-22 12:10:19,IP Address,100,95,TRUE,2021-11-22 12:10:19,R_1LhTtmwAjlYVcPx,anonymous,EN,20,Male,White or Caucasian,Second year,4.00,Undergraduate,Accounting,,,6-7 hours.,No,Yes,Yes,"Yes, rarely.",No,No,,Rarely,Less than 30 minutes.,Yes,1-3 hours/day.,Yes,3-6 hours/day.,Great,Ok,Not Good,Good,Ok
2021-11-22 12:07:39,2021-11-22 12:10:19,IP Address,100,160,TRUE,2021-11-22 12:10:19,R_1Gy8gWjnxOm0gyl,anonymous,EN,,Male,White or Caucasian,Fifth or more year,3.7,Graduate,,Medical Dosimetry,,5-6 hours.,No,Yes,Yes,"No, never.",Yes,Yes,No,A few times a week,60-90 minutes.,Yes,1-3 hours/day.,No,,Good,Good,Ok,Good,Great
2021-11-22 12:08:31,2021-11-22 12:10:22,IP Address,100,111,TRUE,2021-11-22 12:10:23,R_3fQ7oHOTizGKc1q,anonymous,EN,,Female,White or Caucasian,Fifth or more year,3.90,Graduate,,Biostatistics,,7-8 hours.,No,No,Yes,"No, never.",Yes,Yes,No,A few times a week,30-60 minutes.,Yes,1-3 hours/day.,No,,Not Good,Not Good,Not Good,Not Good,Ok
2021-11-22 12:07:59,2021-11-22 12:10:32,IP Address,100,153,TRUE,2021-11-22 12:10:32,R_bjeeszawq0im025,anonymous,EN,21,Female,White or Caucasian,Fourth year,3.8,Undergraduate,Film and Video,,,6-7 hours.,No,No,Yes,"No, never.",Yes,Yes,No,A few times a week,More than 90 minutes.,Yes,1-3 hours/day.,Yes,1-3 hours/day.,Good,Not Good,Ok,Ok,Ok
2021-11-22 12:09:47,2021-11-22 12:11:19,IP Address,100,92,TRUE,2021-11-22 12:11:19,R_DosGeb4CFN62Fi1,anonymous,EN,25,Male,Asian or Pacific Islander,First year,3.55,Graduate,,Data Science and Analytics,,6-7 hours.,No,Yes,Yes,"No, never.",Yes,Yes,No,Never,,Yes,I am too busy with school/work to have regular leisure time in my schedule.,Yes,1-3 hours/day.,Good,Ok,Ok,Ok,Ok
2021-11-22 12:10:36,2021-11-22 12:12:06,IP Address,100,89,TRUE,2021-11-22 12:12:06,R_w7B8Ncqpfja6lAl,anonymous,EN,20,Female,White or Caucasian,Third year,4.00,Undergraduate,Psychology,,,Less than 5 hours.,No,No,No,"No, never.",Yes,Yes,No,Rarely,60-90 minutes.,Yes,I am too busy with school/work to have regular leisure time in my schedule.,Yes,3-6 hours/day.,Great,Not Good,Bad,Bad,Ok
2021-11-22 12:12:19,2021-11-22 12:14:05,IP Address,100,106,TRUE,2021-11-22 12:14:05,R_5ubjqVFuKE4P6St,anonymous,EN,20,Male,White or Caucasian,Third year,3.25,Undergraduate,Accounting,,,Less than 5 hours.,No,Yes,Yes,"Yes, rarely.",Yes,No,,Rarely,30-60 minutes.,No,,Yes,Less than 1 hour/day.,Good,Ok,Great,Good,Good
2021-11-22 12:12:34,2021-11-22 12:15:09,IP Address,100,154,TRUE,2021-11-22 12:15:09,R_1nTpYUBz9Cq61gt,anonymous,EN,20,Female,White or Caucasian,Third year,3.4,Undergraduate,Exercise Science,,,7-8 hours.,Yes,No,Yes,"No, never.",Yes,No,,A few times a week,30-60 minutes.,Yes,1-3 hours/day.,Yes,1-3 hours/day.,Good,Ok,Good,Ok,Good
2021-11-22 12:13:35,2021-11-22 12:15:39,IP Address,100,124,TRUE,2021-11-22 12:15:39,R_dhBV34C0S17uzJv,anonymous,EN,25,Female,Black or African American,Fifth or more year,4.0,Graduate,,Social Work,,7-8 hours.,Yes,Yes,No,"No, never.",No,Yes,No,A few times a week,Less than 30 minutes.,Yes,I spend some time on personal activities a few times a week.,No,,Great,Good,Ok,Good,Ok
2021-11-22 12:15:09,2021-11-22 12:17:01,IP Address,100,111,TRUE,2021-11-22 12:17:01,R_AbTLPqBlcfA3aiB,anonymous,EN,23,Female,White or Caucasian,Fifth or more year,2.15,Undergraduate,Advertising and Public Relations,,,Less than 5 hours.,No,Yes,Yes,"Yes, rarely.",Yes,No,,Every day,60-90 minutes.,No,,Yes,1-3 hours/day.,Bad,Bad,Bad,Bad,Bad
2021-11-22 12:16:46,2021-11-22 12:18:09,IP Address,100,82,TRUE,2021-11-22 12:18:09,R_1ogVvF1c6LB1qYl,anonymous,EN,18,Female,White or Caucasian,First year,3.75,Undergraduate,Writing,,,5-6 hours.,No,No,Yes,"Yes, rarely.",Yes,Yes,No,A few times a week,30-60 minutes.,Yes,I spend some time on personal activities a few times a week.,Yes,1-3 hours/day.,Good,Bad,Bad,Ok,Not Good
2021-11-22 12:17:47,2021-11-22 12:19:56,IP Address,100,128,TRUE,2021-11-22 12:19:56,R_2VPg32akVWaBckH,anonymous,EN,,Female,Hispanic or Latino,Fourth year,3.5,Undergraduate,Social Work,,,7-8 hours.,Yes,No,No,"No, never.",Yes,Yes,No,Never,,Yes,I spend some time on personal activities a few times a week.,Yes,1-3 hours/day.,Good,Good,Good,Ok,Good
2021-11-22 12:17:39,2021-11-22 12:20:18,IP Address,100,159,TRUE,2021-11-22 12:20:19,R_1LjMdwfJ9gPwN7j,anonymous,EN,19,Female,White or Caucasian,Second year,3.54,Undergraduate,Nursing,,,5-6 hours.,No,No,No,"Yes, rarely.",Yes,Yes,No,Never,,Yes,1-3 hours/day.,Yes,1-3 hours/day.,Ok,Good,Not Good,Ok,Good
2021-11-22 12:01:00,2021-11-22 12:21:28,IP Address,100,1227,TRUE,2021-11-22 12:21:28,R_210wxJ3YKMoJOHi,anonymous,EN,19,Female,White or Caucasian,Second year,3.9,Undergraduate,Wildlife Biology,,,7-8 hours.,Yes,Yes,No,"No, never.",No,No,,Never,,Yes,1-3 hours/day.,Yes,Less than 1 hour/day.,Great,Good,Ok,Good,Good
2021-11-22 12:19:23,2021-11-22 12:21:55,IP Address,100,151,TRUE,2021-11-22 12:21:55,R_1M4EwzRsn2lS1Qo,anonymous,EN,,Female,White or Caucasian,Fifth or more year,3.48,Graduate,,Business Administration,,5-6 hours.,No,Yes,Yes,"Yes, I do it often.",Yes,Yes,No,Every day,60-90 minutes.,Yes,I am too busy with school/work to have regular leisure time in my schedule.,Yes,1-3 hours/day.,Good,Ok,Bad,Not Good,Ok
2021-11-22 12:19:02,2021-11-22 12:24:31,IP Address,100,329,TRUE,2021-11-22 12:24:32,R_31RbFYp3YH9AhTp,anonymous,EN,24,Female,White or Caucasian,Fifth or more year,3.80,Graduate,,Physical Therapy,,7-8 hours.,No,No,Yes,"No, never.",Yes,No,,Rarely,30-60 minutes.,Yes,I spend some time on personal activities a few times a week.,Yes,Less than 1 hour/day.,Great,Ok,Ok,Ok,Good
2021-11-22 12:24:23,2021-11-22 12:26:40,IP Address,100,136,TRUE,2021-11-22 12:26:40,R_3ezy2YgkbGPslUo,anonymous,EN,19,Male,White or Caucasian,First year,,Undergraduate,Accounting,,,7-8 hours.,Yes,Yes,No,"No, never.",Yes,No,,Never,,Yes,1-3 hours/day.,No,,Great,Good,Ok,Good,Good
2021-11-22 12:25:45,2021-11-22 12:28:27,IP Address,100,162,TRUE,2021-11-22 12:28:28,R_9nnMfjNphWxJZGF,anonymous,EN,19,Female,White or Caucasian,Second year,3.97,Undergraduate,Advertising and Public Relations,,,9-10 hours.,Yes,Yes,Yes,"No, never.",Yes,No,,Never,,Yes,1-3 hours/day.,Yes,3-6 hours/day.,Good,Ok,Good,Ok,Good
2021-11-22 12:29:28,2021-11-22 12:31:52,IP Address,100,144,TRUE,2021-11-22 12:31:53,R_1Lp8VD2PWoAxJ7S,anonymous,EN,18,Male,White or Caucasian,First year,,Undergraduate,,,,7-8 hours.,Yes,Yes,No,"No, never.",No,No,,Rarely,30-60 minutes.,Yes,3-6 hours/day.,Yes,3-6 hours/day.,Not Good,Good,Ok,Ok,Good
2021-11-22 12:33:14,2021-11-22 12:35:26,IP Address,100,131,TRUE,2021-11-22 12:35:26,R_2pKXGbMDfY35ke5,anonymous,EN,19,Male,White or Caucasian,First year,N/A,Undergraduate,Finance,,,,No,No,Yes,"Yes, rarely.",Yes,Yes,No,Every day,60-90 minutes.,Yes,3-6 hours/day.,Yes,3-6 hours/day.,Ok,Ok,Not Good,Good,Good
2021-11-22 12:33:29,2021-11-22 12:36:17,IP Address,100,168,TRUE,2021-11-22 12:36:18,R_1Dr6B42bfqU1kVJ,anonymous,EN,18,Male,White or Caucasian,First year,3.7,Undergraduate,"Business, General",,,7-8 hours.,Yes,Yes,Yes,"No, never.",Yes,Yes,No,A few times a week,30-60 minutes.,Yes,3-6 hours/day.,Yes,1-3 hours/day.,Good,Not Good,Good,Not Good,Not Good
2021-11-22 12:35:25,2021-11-22 12:37:44,IP Address,100,138,TRUE,2021-11-22 12:37:44,R_2eRSoldkcXp0RmW,anonymous,EN,,Male,White or Caucasian,Second year,3.76,Combined Degree,,,Cybersecurity,7-8 hours.,No,Yes,Yes,"No, never.",Yes,Yes,No,Rarely,Less than 30 minutes.,Yes,1-3 hours/day.,Yes,1-3 hours/day.,Great,Ok,Ok,Good,Good
2021-11-22 12:36:02,2021-11-22 12:38:28,IP Address,100,145,TRUE,2021-11-22 12:38:28,R_3G7iFK3LRBpaVZs,anonymous,EN,18,Female,White or Caucasian,Second year,3.7,Undergraduate,Environmental and Sustainability Studies,,,5-6 hours.,Yes,No,Yes,"No, never.",Yes,No,,Rarely,30-60 minutes.,Yes,3-6 hours/day.,No,,Good,Good,Good,Good,Great
2021-11-22 12:38:41,2021-11-22 12:41:34,IP Address,100,173,TRUE,2021-11-22 12:41:34,R_9sQtf4eakGpteZb,anonymous,EN,21,Male,White or Caucasian,Fourth year,3.845,Undergraduate,Statistics,,,5-6 hours.,Yes,No,Yes,"No, never.",No,No,,Rarely,30-60 minutes.,Yes,I spend some time on personal activities a few times a week.,No,,Great,Good,Ok,Good,Ok
2021-11-22 12:41:43,2021-11-22 12:44:06,IP Address,100,142,TRUE,2021-11-22 12:44:06,R_2EFem9w69s3TZu9,anonymous,EN,25,Female,White or Caucasian,Fourth year,3.5,Undergraduate,Statistics,,,5-6 hours.,No,Yes,Yes,"Yes, rarely.",Yes,Yes,No,Never,,Yes,3-6 hours/day.,Yes,3-6 hours/day.,Good,Not Good,Not Good,Ok,Ok
2021-11-22 12:46:46,2021-11-22 12:49:25,IP Address,100,158,TRUE,2021-11-22 12:49:25,R_2rO2ToHGAKogezb,anonymous,EN,25,Female,White or Caucasian,Fifth or more year,3.2,Graduate,,Biostatistics,,6-7 hours.,No,No,Yes,"No, never.",Yes,Yes,No,Rarely,30-60 minutes.,Yes,I spend some time on personal activities a few times a week.,Yes,1-3 hours/day.,Good,Ok,Ok,Ok,Ok
2021-11-22 12:48:48,2021-11-22 12:51:20,IP Address,100,151,TRUE,2021-11-22 12:51:20,R_6hslBASPlfx5SEx,anonymous,EN,19,Male,White or Caucasian,Second year,3.00,Undergraduate,Exercise Science,,,7-8 hours.,Yes,No,No,"No, never.",Yes,Yes,No,Rarely,30-60 minutes.,Yes,1-3 hours/day.,Yes,1-3 hours/day.,Ok,Ok,Not Good,Not Good,Ok
2021-11-22 12:48:39,2021-11-22 12:52:28,IP Address,100,229,TRUE,2021-11-22 12:52:28,R_1r7XIall2K6lP3J,anonymous,EN,21,Male,Hispanic or Latino,Fourth year,3.86,Undergraduate,Biomedical Sciences,,,9-10 hours.,Yes,Yes,No,"No, never.",No,No,,Rarely,30-60 minutes.,Yes,1-3 hours/day.,Yes,1-3 hours/day.,Great,Great,Ok,Good,Good
2021-11-22 12:51:28,2021-11-22 12:52:52,IP Address,100,84,TRUE,2021-11-22 12:52:53,R_5yyliXaDkQxSQtX,anonymous,EN,21,Female,White or Caucasian,Fourth year,3.9,Undergraduate,Allied Health Sciences,,,6-7 hours.,No,No,Yes,"No, never.",Yes,Yes,No,A few times a week,60-90 minutes.,Yes,3-6 hours/day.,Yes,1-3 hours/day.,Ok,Ok,Ok,Good,Ok
2021-11-22 12:38:22,2021-11-22 12:57:03,IP Address,100,1120,TRUE,2021-11-22 12:57:04,R_2bJclSn3IguznQJ,anonymous,EN,19,Female,Multiracial or Biracial,Second year,3.5,Undergraduate,Nursing,,,More than 10 hours.,No,Yes,Yes,"No, never.",Yes,No,,Rarely,30-60 minutes.,Yes,I spend some time on personal activities a few times a week.,Yes,Less than 1 hour/day.,Not Good,Ok,Ok,Not Good,Ok
2021-11-22 12:57:38,2021-11-22 13:00:00,IP Address,100,141,TRUE,2021-11-22 13:00:00,R_PLLG1L9gy2mHwjf,anonymous,EN,24,Female,White or Caucasian,Second year,3.2,Undergraduate,Art Education,,,Less than 5 hours.,No,Yes,No,"Yes, rarely.",Yes,Yes,Yes,Rarely,Less than 30 minutes.,No,,Yes,1-3 hours/day.,Good,Not Good,Bad,Not Good,Ok
2021-11-22 12:59:04,2021-11-22 13:00:39,IP Address,100,95,TRUE,2021-11-22 13:00:40,R_0umtvaYzcPMwIeZ,anonymous,EN,20,Female,White or Caucasian,Third year,3.87,Undergraduate,Human Resource Management,,,5-6 hours.,No,No,Yes,"Yes, rarely.",Yes,Yes,No,A few times a week,30-60 minutes.,Yes,1-3 hours/day.,Yes,1-3 hours/day.,Good,Ok,Bad,Not Good,Not Good
2021-11-22 13:01:59,2021-11-22 13:03:38,IP Address,100,99,TRUE,2021-11-22 13:03:38,R_1o6AzEvc7OsnyNf,anonymous,EN,20,Female,White or Caucasian,Third year,3.64,Undergraduate,English,,,5-6 hours.,No,Yes,No,"No, never.",Yes,No,,A few times a week,60-90 minutes.,Yes,3-6 hours/day.,Yes,1-3 hours/day.,Great,Great,Good,Good,Ok
2021-11-22 13:02:46,2021-11-22 13:04:27,IP Address,100,100,TRUE,2021-11-22 13:04:27,R_6SuWq8jC3EpTC9j,anonymous,EN,,Female,White or Caucasian,Fourth year,3.1,Undergraduate,Biology,,,7-8 hours.,Yes,Yes,Yes,"No, never.",No,Yes,No,Rarely,Less than 30 minutes.,Yes,I spend some time on personal activities a few times a week.,Yes,1-3 hours/day.,Not Good,Not Good,Bad,Ok,Ok
2021-11-22 13:03:41,2021-11-22 13:06:28,IP Address,100,167,TRUE,2021-11-22 13:06:28,R_27qaokvdAol8Xfx,anonymous,EN,22,Female,White or Caucasian,Fifth or more year,3.7,Graduate,,Speech-Language Pathology,,6-7 hours.,No,No,Yes,"No, never.",Yes,Yes,No,Every day,30-60 minutes.,Yes,1-3 hours/day.,Yes,1-3 hours/day.,Great,Good,Not Good,Good,Ok
2021-11-22 12:49:24,2021-11-22 13:10:44,IP Address,100,1280,TRUE,2021-11-22 13:10:45,R_2E3IESIbtdfccy2,anonymous,EN,22,Female,White or Caucasian,Fifth or more year,3.3,Graduate,,Speech-Language Pathology,,5-6 hours.,No,No,Yes,"Yes, rarely.",Yes,Yes,No,A few times a week,More than 90 minutes.,Yes,I am too busy with school/work to have regular leisure time in my schedule.,Yes,3-6 hours/day.,Ok,Bad,Bad,Bad,Not Good
2021-11-22 13:07:26,2021-11-22 13:10:47,IP Address,100,201,TRUE,2021-11-22 13:10:48,R_byAD9QIEJmNR6XD,anonymous,EN,,Female,White or Caucasian,Third year,2.7,Undergraduate,Communication Studies,,,5-6 hours.,No,Yes,Yes,"No, never.",Yes,No,,Rarely,60-90 minutes.,No,,Yes,1-3 hours/day.,Not Good,Bad,Bad,Bad,Bad
2021-11-22 13:10:25,2021-11-22 13:12:09,IP Address,100,104,TRUE,2021-11-22 13:12:09,R_VUPfJQLplicLfXz,anonymous,EN,,Male,White or Caucasian,Fourth year,3.0,Undergraduate,Statistics,,,6-7 hours.,Yes,No,Yes,"No, never.",Yes,Yes,No,Rarely,30-60 minutes.,Yes,1-3 hours/day.,Yes,1-3 hours/day.,Ok,Ok,Bad,Not Good,Good
2021-11-22 13:10:54,2021-11-22 13:12:40,IP Address,100,105,TRUE,2021-11-22 13:12:40,R_1P8f9EcqSU35Fyh,anonymous,EN,25,Female,White or Caucasian,Fifth or more year,3.8,Undergraduate,French,,,5-6 hours.,No,Yes,Yes,"Yes, I do it often.",Yes,Yes,No,Rarely,60-90 minutes.,Yes,1-3 hours/day.,Yes,1-3 hours/day.,Good,Bad,Bad,Bad,Bad
2021-11-22 13:12:35,2021-11-22 13:14:51,IP Address,100,135,TRUE,2021-11-22 13:14:51,R_3942jlHe133kJhL,anonymous,EN,20,Male,White or Caucasian,Third year,4.00,Combined Degree,,,Student-Initiated Combined Degree,6-7 hours.,No,Yes,Yes,"No, never.",Yes,No,,Never,,Yes,I spend some time on personal activities a few times a week.,Yes,Less than 1 hour/day.,Great,Good,Ok,Good,Good
2021-11-22 13:13:48,2021-11-22 13:15:50,IP Address,100,121,TRUE,2021-11-22 13:15:50,R_8zU5hJFUCVPzirD,anonymous,EN,20,Female,White or Caucasian,Second year,3.76,Undergraduate,Human Resource Management,,,6-7 hours.,No,Yes,Yes,"No, never.",Yes,No,,Every day,30-60 minutes.,No,,Yes,1-3 hours/day.,Good,Not Good,Not Good,Not Good,Ok
2021-11-22 13:19:11,2021-11-22 13:21:10,IP Address,100,118,TRUE,2021-11-22 13:21:10,R_247qZh0Hci9tOPB,anonymous,EN,25,Male,White or Caucasian,Fifth or more year,3.69,Graduate,,Public Health,,7-8 hours.,No,Yes,No,"No, never.",Yes,No,,A few times a week,60-90 minutes.,Yes,1-3 hours/day.,Yes,Less than 1 hour/day.,Ok,Good,Ok,Ok,Good
2021-11-22 13:18:41,2021-11-22 13:22:22,IP Address,100,220,TRUE,2021-11-22 13:22:22,R_1illjAW9Z6GnI0Y,anonymous,EN,22,Female,White or Caucasian,Fifth or more year,2.0,Undergraduate,Natural Resources Management,,,5-6 hours.,No,No,No,"No, never.",No,Yes,No,Rarely,60-90 minutes.,Yes,1-3 hours/day.,Yes,1-3 hours/day.,Ok,Ok,Good,Ok,Good
2021-11-22 13:23:24,2021-11-22 13:24:57,IP Address,100,92,TRUE,2021-11-22 13:24:57,R_sXsuUWmA9OaOFQB,anonymous,EN,24,Female,White or Caucasian,Fourth year,3.95,Undergraduate,Accounting,,,7-8 hours.,Yes,Yes,No,"No, never.",No,No,,Never,,No,,No,,Great,Good,Bad,Great,Ok
2021-11-22 13:24:20,2021-11-22 13:26:50,IP Address,100,149,TRUE,2021-11-22 13:26:50,R_xELpM5EJaOhgyaJ,anonymous,EN,,Female,White or Caucasian,Fifth or more year,3.65,Graduate,,"Education, Higher Education",,7-8 hours.,No,Yes,Yes,"Yes, rarely.",Yes,Yes,No,Rarely,More than 90 minutes.,Yes,I spend some time on personal activities a few times a week.,Yes,1-3 hours/day.,Good,Ok,Not Good,Not Good,Ok
2021-11-22 13:30:16,2021-11-22 13:32:46,IP Address,100,149,TRUE,2021-11-22 13:32:46,R_23TqhZbHcrncYKR,anonymous,EN,,Female,White or Caucasian,Second year,3.77,Undergraduate,Psychology,,,6-7 hours.,No,No,Yes,"No, never.",Yes,Yes,No,A few times a week,Less than 30 minutes.,Yes,1-3 hours/day.,Yes,1-3 hours/day.,Good,Good,Ok,Ok,Good
2021-11-22 13:33:42,2021-11-22 13:35:40,IP Address,100,118,TRUE,2021-11-22 13:35:40,R_3QKLI4DsjDD1fDE,anonymous,EN,22,Female,White or Caucasian,Fifth or more year,3.40,Combined Degree,,,Accounting,6-7 hours.,No,Yes,Yes,"No, never.",Yes,Yes,No,A few times a week,60-90 minutes.,Yes,I spend some time on personal activities a few times a week.,Yes,1-3 hours/day.,Ok,Not Good,Not Good,Not Good,Not Good
2021-11-22 13:39:13,2021-11-22 13:46:57,IP Address,100,463,TRUE,2021-11-22 13:46:57,R_3j81WKks1xxr0IL,anonymous,EN,18,Female,Multiracial or Biracial,First year,3.0,Undergraduate,Nursing,,,Less than 5 hours.,No,No,Yes,"Yes, I do it often.",Yes,Yes,No,Every day,More than 90 minutes.,No,,Yes,3-6 hours/day.,Bad,Bad,Bad,Bad,Bad
2021-11-22 13:50:49,2021-11-22 13:52:38,IP Address,100,109,TRUE,2021-11-22 13:52:39,R_s74B3gRdNYRZQB3,anonymous,EN,,Male,Black or African American,First year,2.9,Undergraduate,Computer Science,,,Less than 5 hours.,No,No,No,"Yes, rarely.",Yes,Yes,No,Rarely,30-60 minutes.,Yes,3-6 hours/day.,Yes,3-6 hours/day.,Ok,Not Good,Good,Ok,Ok
2021-11-22 13:56:58,2021-11-22 13:59:51,IP Address,100,172,TRUE,2021-11-22 13:59:51,R_tXJIrgTdFiGMLW9,anonymous,EN,22,Female,White or Caucasian,Fifth or more year,4.0,Combined Degree,,,,5-6 hours.,No,No,Yes,"Yes, I do it often.",Yes,No,,Never,,No,,Yes,1-3 hours/day.,Great,Ok,Ok,Ok,Ok
2021-11-22 13:57:02,2021-11-22 14:00:24,IP Address,100,201,TRUE,2021-11-22 14:00:24,R_SPjUDqli3UL0ztL,anonymous,EN,22,Male,White or Caucasian,First year,,Graduate,,Data Science and Analytics,,6-7 hours.,Yes,No,Yes,"No, never.",No,No,,A few times a week,Less than 30 minutes.,Yes,1-3 hours/day.,Yes,3-6 hours/day.,Great,Good,Great,Good,Good
2021-11-22 14:02:25,2021-11-22 14:03:54,IP Address,100,88,TRUE,2021-11-22 14:03:54,R_3CQ4ocldT6m9uj1,anonymous,EN,,Male,White or Caucasian,Third year,3.5,Undergraduate,Statistics,,,7-8 hours.,Yes,No,Yes,"No, never.",Yes,No,,A few times a week,30-60 minutes.,Yes,1-3 hours/day.,Yes,1-3 hours/day.,Good,Ok,Ok,Not Good,Ok
2021-11-22 14:22:59,2021-11-22 14:26:20,IP Address,100,200,TRUE,2021-11-22 14:26:20,R_x0f13gJ9hsshB1D,anonymous,EN,,Female,White or Caucasian,Second year,,Undergraduate,Nursing,,,6-7 hours.,Yes,No,Yes,"No, never.",No,No,,Rarely,60-90 minutes.,Yes,1-3 hours/day.,Yes,1-3 hours/day.,Great,Great,Ok,Good,Great
2021-11-22 14:38:04,2021-11-22 14:41:03,IP Address,100,179,TRUE,2021-11-22 14:41:03,R_3e9NyGnED2k8jPG,anonymous,EN,21,Female,White or Caucasian,Fourth year,2.6,Undergraduate,"Biology,Preprofessional Studies",,,5-6 hours.,No,No,Yes,"Yes, I do it often.",Yes,Yes,No,A few times a week,60-90 minutes.,Yes,1-3 hours/day.,Yes,1-3 hours/day.,Bad,Bad,Bad,Not Good,Not Good
2021-11-22 14:47:13,2021-11-22 14:49:13,IP Address,100,120,TRUE,2021-11-22 14:49:14,R_2aaSoWkdCCbLdxW,anonymous,EN,22,Female,White or Caucasian,First year,,Graduate,,Communications,,6-7 hours.,No,No,Yes,"Yes, rarely.",Yes,Yes,No,A few times a week,Less than 30 minutes.,No,,Yes,3-6 hours/day.,Good,Not Good,Bad,Ok,Ok
2021-11-22 15:10:17,2021-11-22 15:11:56,IP Address,100,98,TRUE,2021-11-22 15:11:56,R_1CwEbroqLY0yY6D,anonymous,EN,21,Male,White or Caucasian,Third year,3.02,Undergraduate,Computer Science,,,6-7 hours.,No,No,Yes,"No, never.",Yes,Yes,No,Rarely,30-60 minutes.,Yes,1-3 hours/day.,Yes,Less than 1 hour/day.,Ok,Ok,Not Good,Ok,Not Good
2021-11-22 15:21:54,2021-11-22 15:23:30,IP Address,100,96,TRUE,2021-11-22 15:23:31,R_2ClkUHBb9AoF4F3,anonymous,EN,20,Female,White or Caucasian,Third year,3.7,Undergraduate,Nursing,,,5-6 hours.,No,No,Yes,"Yes, I do it often.",Yes,Yes,No,A few times a week,30-60 minutes.,Yes,I spend some time on personal activities a few times a week.,Yes,1-3 hours/day.,Ok,Great,Bad,Not Good,Ok
2021-11-22 15:40:30,2021-11-22 15:43:09,IP Address,100,158,TRUE,2021-11-22 15:43:09,R_1dvmXbV48A9tTv4,anonymous,EN,23,Male,White or Caucasian,Fourth year,3.04,Undergraduate,Mechanical Engineering,,,Less than 5 hours.,Yes,Yes,Yes,"Yes, I do it often.",Yes,No,,Rarely,Less than 30 minutes.,No,,Yes,1-3 hours/day.,Good,Good,Ok,Good,Ok
2021-11-22 16:15:12,2021-11-22 16:17:04,IP Address,100,111,TRUE,2021-11-22 16:17:04,R_QhMrQtTaX0ErfIB,anonymous,EN,18,Male,White or Caucasian,First year,3,Undergraduate,Product Design and Manufacturing Engineering,,,5-6 hours.,No,No,Yes,"Yes, rarely.",Yes,Yes,No,A few times a week,30-60 minutes.,No,,Yes,1-3 hours/day.,Ok,Ok,Bad,Not Good,Ok
2021-11-22 16:10:43,2021-11-22 16:22:54,IP Address,100,731,TRUE,2021-11-22 16:22:55,R_2xK0mhHTneGRJWo,anonymous,EN,25,Male,Hispanic or Latino,Third year,3.0,Undergraduate,Criminal Justice,,,6-7 hours.,Yes,No,Yes,"No, never.",No,No,,A few times a week,30-60 minutes.,Yes,3-6 hours/day.,Yes,1-3 hours/day.,Good,Great,Good,Good,Great
2021-11-22 18:01:53,2021-11-22 18:04:24,IP Address,100,150,TRUE,2021-11-22 18:04:24,R_1rOZj9QmaMBzDtM,anonymous,EN,25,Female,White or Caucasian,Fifth or more year,3.956,Graduate,,Speech-Language Pathology,,5-6 hours.,No,No,Yes,"No, never.",Yes,Yes,No,A few times a week,60-90 minutes.,Yes,I am too busy with school/work to have regular leisure time in my schedule.,Yes,1-3 hours/day.,Great,Good,Not Good,Good,Good
2021-11-22 18:40:24,2021-11-22 18:41:47,IP Address,100,82,TRUE,2021-11-22 18:41:47,R_1LoPswXqVzbkLnP,anonymous,EN,20,Female,White or Caucasian,Third year,3.75,Undergraduate,Communication Sciences and Disorders,,,6-7 hours.,No,No,Yes,"Yes, I do it often.",Yes,Yes,No,A few times a week,30-60 minutes.,No,,Yes,Less than 1 hour/day.,Good,Not Good,Not Good,Ok,Good
2021-11-22 18:46:42,2021-11-22 18:51:13,IP Address,100,270,TRUE,2021-11-22 18:51:13,R_29cvRfQY3Y0QNGP,anonymous,EN,20,Male,White or Caucasian,Third year,3.5,Undergraduate,Natural Resources Management,,,6-7 hours.,No,Yes,No,"No, never.",Yes,Yes,No,Rarely,30-60 minutes.,Yes,3-6 hours/day.,Yes,1-3 hours/day.,Good,Good,Ok,Ok,Ok
2021-11-22 19:27:38,2021-11-22 19:31:09,IP Address,100,211,TRUE,2021-11-22 19:31:10,R_2VgoEpqnP4iaeYF,anonymous,EN,20,Male,White or Caucasian,Second year,3.24,Undergraduate,Physics,,,Less than 5 hours.,No,No,Yes,"Yes, rarely.",Yes,Yes,No,A few times a week,60-90 minutes.,Yes,3-6 hours/day.,Yes,3-6 hours/day.,Not Good,Bad,Bad,Bad,Ok
2021-11-22 19:31:46,2021-11-22 19:33:55,IP Address,100,128,TRUE,2021-11-22 19:33:55,R_1NDgL8d40pYeIyI,anonymous,EN,20,Male,White or Caucasian,Second year,3.24,Undergraduate,Physics,,,5-6 hours.,No,No,Yes,"Yes, rarely.",Yes,Yes,No,A few times a week,60-90 minutes.,Yes,3-6 hours/day.,Yes,3-6 hours/day.,Not Good,Bad,Bad,Bad,Ok
2021-11-22 19:39:56,2021-11-22 19:44:04,IP Address,100,248,TRUE,2021-11-22 19:44:05,R_O1ZVV1Fq5P2nJyV,anonymous,EN,23,Female,White or Caucasian,Fourth year,3.51,Undergraduate,Biology,,,6-7 hours.,No,No,Yes,"Yes, rarely.",Yes,Yes,No,Rarely,30-60 minutes.,Yes,1-3 hours/day.,Yes,1-3 hours/day.,Good,Bad,Bad,Not Good,Not Good
2021-11-22 20:03:12,2021-11-22 20:05:04,IP Address,100,111,TRUE,2021-11-22 20:05:04,R_3RkBXsNAt6wtI93,anonymous,EN,21,Female,White or Caucasian,Fourth year,3.736,Undergraduate,Biology,,,7-8 hours.,No,Yes,Yes,"Yes, rarely.",Yes,No,,A few times a week,Less than 30 minutes.,Yes,3-6 hours/day.,Yes,1-3 hours/day.,Great,Ok,Not Good,Not Good,Ok
2021-11-22 20:40:24,2021-11-22 20:43:15,IP Address,100,171,TRUE,2021-11-22 20:43:16,R_2c0FArbNNSgNtZX,anonymous,EN,20,Male,White or Caucasian,Third year,N/A (transfer),Undergraduate,Environmental and Sustainability Studies,,,7-8 hours.,Yes,No,No,"Yes, rarely.",Yes,Yes,No,A few times a week,30-60 minutes.,Yes,1-3 hours/day.,Yes,3-6 hours/day.,Good,Not Good,Bad,Bad,Ok
2021-11-22 21:49:11,2021-11-22 21:51:28,IP Address,100,136,TRUE,2021-11-22 21:51:28,R_1RBgVLGBXDi3O5b,anonymous,EN,25,Female,White or Caucasian,Fifth or more year,4.0,Graduate,,Nursing,,5-6 hours.,Yes,No,Yes,"Yes, rarely.",Yes,No,,Every day,60-90 minutes.,No,,Yes,Less than 1 hour/day.,Great,Bad,Bad,Ok,Ok
2021-11-23 01:19:56,2021-11-23 01:22:12,IP Address,100,136,TRUE,2021-11-23 01:22:13,R_1NCd8ZBmNiFVDhg,anonymous,EN,,Male,White or Caucasian,First year,3.00,Undergraduate,,,,Less than 5 hours.,No,No,Yes,,No,Yes,No,A few times a week,More than 90 minutes.,Yes,3-6 hours/day.,Yes,3-6 hours/day.,Bad,Not Good,Not Good,Bad,Not Good
2021-11-23 07:24:22,2021-11-23 07:27:03,IP Address,100,160,TRUE,2021-11-23 07:27:03,R_2wtRuoMNGeVnXft,anonymous,EN,,Male,White or Caucasian,Second year,3.56,Undergraduate,Electrical Engineering,,,6-7 hours.,Yes,Yes,No,"No, never.",Yes,No,,Never,,Yes,1-3 hours/day.,Yes,1-3 hours/day.,Good,Ok,Ok,Good,Good
2021-11-23 07:23:02,2021-11-23 07:27:18,IP Address,100,256,TRUE,2021-11-23 07:27:18,R_xsZNSk3xFaGSy1X,anonymous,EN,25,Female,White or Caucasian,Fifth or more year,3.9,Graduate,,Nursing,,6-7 hours.,Yes,Yes,Yes,"No, never.",Yes,Yes,No,Never,,No,,Yes,Less than 1 hour/day.,Good,Ok,Ok,Ok,Ok
2021-11-23 09:04:23,2021-11-23 09:07:12,IP Address,100,169,TRUE,2021-11-23 09:07:12,R_3R8zBYcsVAHlqce,anonymous,EN,22,Female,Black or African American,Fourth year,3.58,Undergraduate,"Accounting,Finance",,,5-6 hours.,No,No,No,"Yes, rarely.",Yes,Yes,No,A few times a week,30-60 minutes.,Yes,I spend some time on personal activities a few times a week.,Yes,1-3 hours/day.,Ok,Ok,Not Good,Ok,Good
2021-11-23 09:04:51,2021-11-23 09:10:00,IP Address,100,309,TRUE,2021-11-23 09:10:00,R_1dgBu49leoHaj1Q,anonymous,EN,22,Female,White or Caucasian,Second year,4.0,Graduate,,Public Health,,6-7 hours.,No,Yes,Yes,"No, never.",Yes,No,,A few times a week,More than 90 minutes.,Yes,I spend some time on personal activities a few times a week.,Yes,1-3 hours/day.,Good,Bad,Bad,Not Good,Not Good
2021-11-23 09:25:06,2021-11-23 09:26:58,IP Address,100,112,TRUE,2021-11-23 09:26:59,R_2VmtAar3AEOT3ah,anonymous,EN,23,Female,Hispanic or Latino,Second year,2.98,Undergraduate,Biomedical Engineering,,,5-6 hours.,No,No,Yes,"Yes, rarely.",Yes,Yes,No,Rarely,Less than 30 minutes.,Yes,I am too busy with school/work to have regular leisure time in my schedule.,Yes,Less than 1 hour/day.,Ok,Bad,Not Good,Not Good,Not Good
2021-11-23 10:00:31,2021-11-23 10:27:48,IP Address,100,1637,TRUE,2021-11-23 10:27:49,R_1C9qMYgt1tmMjyH,anonymous,EN,21,Female,White or Caucasian,Fourth year,3.5,Undergraduate,Behavioral Neuroscience,,,6-7 hours.,No,No,Yes,"No, never.",Yes,Yes,No,A few times a week,More than 90 minutes.,Yes,1-3 hours/day.,Yes,1-3 hours/day.,Good,Ok,Not Good,Not Good,Good
2021-11-23 12:29:28,2021-11-23 12:31:29,IP Address,100,120,TRUE,2021-11-23 12:31:29,R_29ofkqUN20Wv5pi,anonymous,EN,21,Female,White or Caucasian,Fourth year,2.98,Undergraduate,Communication Studies,,,7-8 hours.,Yes,Yes,Yes,"No, never.",No,No,,A few times a week,30-60 minutes.,Yes,1-3 hours/day.,Yes,3-6 hours/day.,Good,Good,Good,Good,Good
2021-11-23 13:58:35,2021-11-23 14:00:21,IP Address,100,105,TRUE,2021-11-23 14:00:21,R_22JSna3MZguYzEm,anonymous,EN,22,Female,White or Caucasian,Fourth year,3.5,Undergraduate,Behavioral Neuroscience,,,9-10 hours.,Yes,No,Yes,"Yes, rarely.",Yes,Yes,No,Never,,Yes,1-3 hours/day.,Yes,3-6 hours/day.,Ok,Not Good,Bad,Not Good,Not Good
2021-11-23 15:34:31,2021-11-23 15:37:08,IP Address,100,156,TRUE,2021-11-23 15:37:08,R_21H9KBIEflFD8cq,anonymous,EN,24,Male,White or Caucasian,First year,who knows,Graduate,,Business Administration,,Less than 5 hours.,No,No,No,"Yes, rarely.",Yes,Yes,Yes,Rarely,60-90 minutes.,No,,No,,Ok,Not Good,Bad,Ok,Ok
2021-11-25 09:03:54,2021-11-25 09:07:00,IP Address,100,186,TRUE,2021-11-25 09:07:00,R_eJuJrMs8l9xcGkx,anonymous,EN,,Female,White or Caucasian,First year,3.0,Undergraduate,Psychology,,,7-8 hours.,No,No,No,"No, never.",Yes,Yes,Yes,A few times a week,Less than 30 minutes.,Yes,3-6 hours/day.,No,,Good,Good,Ok,Not Good,Ok
2021-11-25 11:14:16,2021-11-25 11:15:56,IP Address,100,99,TRUE,2021-11-25 11:15:56,R_2sbif2AQZY1c95q,anonymous,EN,18,Female,White or Caucasian,First year,3.5,Undergraduate,Exercise Science,,,5-6 hours.,No,No,Yes,"No, never.",Yes,No,,Rarely,30-60 minutes.,Yes,1-3 hours/day.,Yes,1-3 hours/day.,Good,Good,Ok,Ok,Good
2021-11-26 00:26:30,2021-11-26 00:28:39,IP Address,100,128,TRUE,2021-11-26 00:28:39,R_2QMNIcOTC7HXbNA,anonymous,EN,20,Male,Hispanic or Latino,Third year,3.0,Undergraduate,Marketing,,,5-6 hours.,No,No,Yes,"Yes, I do it often.",Yes,No,,A few times a week,30-60 minutes.,Yes,3-6 hours/day.,Yes,1-3 hours/day.,Ok,Not Good,Not Good,Ok,Good
2021-11-19 15:34:04,2021-11-19 15:34:17,IP Address,4,12,FALSE,2021-11-26 15:34:17,R_3m953tAxmDgPqe4,anonymous,EN,,,,,,,,,,,,,,,,,,,,,,,,,,,,
2021-11-26 22:02:11,2021-11-26 22:08:00,IP Address,100,349,TRUE,2021-11-26 22:08:00,R_9TTht0rMeDbou5P,anonymous,EN,20,Male,Asian or Pacific Islander,Third year,3.40,Undergraduate,Exercise Science,,,6-7 hours.,No,No,Yes,"Yes, rarely.",Yes,No,,Rarely,30-60 minutes.,Yes,3-6 hours/day.,Yes,3-6 hours/day.,Good,Not Good,Ok,Ok,Good
2021-11-27 00:49:56,2021-11-27 00:51:52,IP Address,100,115,TRUE,2021-11-27 00:51:52,R_1ilJeDHoKFSNgdS,anonymous,EN,24,Female,White or Caucasian,Fifth or more year,4.0,Graduate,,School Psychology,,7-8 hours.,Yes,No,,,Yes,Yes,No,A few times a week,More than 90 minutes.,Yes,1-3 hours/day.,Yes,3-6 hours/day.,Good,Good,Good,Good,Good
2021-11-27 10:43:54,2021-11-27 10:46:36,IP Address,100,161,TRUE,2021-11-27 10:46:36,R_1FwzEMWq1VrqQs2,anonymous,EN,18,Female,White or Caucasian,First year,,Undergraduate,Communication Sciences and Disorders,,,6-7 hours.,No,No,Yes,"No, never.",Yes,No,,Every day,60-90 minutes.,Yes,I spend some time on personal activities a few times a week.,Yes,Less than 1 hour/day.,Good,Good,Good,Not Good,Good
2021-11-28 14:58:04,2021-11-28 15:00:20,IP Address,100,135,TRUE,2021-11-28 15:00:20,R_1CKppTCMz2g6WD9,anonymous,EN,18,Female,White or Caucasian,Second year,3.75,Undergraduate,Integrative Studies,,,9-10 hours.,Yes,Yes,Yes,"No, never.",No,No,,Rarely,30-60 minutes.,Yes,1-3 hours/day.,Yes,1-3 hours/day.,Good,Not Good,Not Good,Ok,Ok
2021-11-29 06:07:30,2021-11-29 06:09:44,IP Address,100,134,TRUE,2021-11-29 06:09:45,R_3ezCYpBLuGv6wx7,anonymous,EN,20,Male,White or Caucasian,Second year,3.5,Graduate,,School Psychology,,9-10 hours.,Yes,Yes,No,"Yes, rarely.",No,No,,Rarely,Less than 30 minutes.,Yes,3-6 hours/day.,No,,Great,Great,Great,Great,Great
2021-11-29 09:17:47,2021-11-29 09:24:08,IP Address,100,380,TRUE,2021-11-29 09:24:08,R_1LNLb1VN0s3ZGUX,anonymous,EN,18,Female,White or Caucasian,First year,3.9,Undergraduate,Social Work,,,7-8 hours.,No,Yes,Yes,"No, never.",Yes,Yes,No,A few times a week,30-60 minutes.,Yes,1-3 hours/day.,Yes,1-3 hours/day.,Good,Bad,Bad,Not Good,Bad
2021-11-22 11:59:23,2021-11-22 11:59:28,IP Address,4,4,FALSE,2021-11-29 11:59:28,R_33pS8q7KN8tiQRh,anonymous,EN,,,,,,,,,,,,,,,,,,,,,,,,,,,,
2021-11-22 11:59:42,2021-11-22 12:00:16,IP Address,4,33,FALSE,2021-11-29 12:00:16,R_Y9WPxrbHDQSqNXj,anonymous,EN,,,,,,,,,,,,,,,,,,,,,,,,,,,,
2021-11-22 12:00:20,2021-11-22 12:00:55,IP Address,4,34,FALSE,2021-11-29 12:00:59,R_1FkXzCL6hfEtMa2,anonymous,EN,,,,,,,,,,,,,,,,,,,,,,,,,,,,
2021-11-22 12:07:38,2021-11-22 12:08:09,IP Address,4,31,FALSE,2021-11-29 12:08:10,R_T8ad3vVFPW00t8d,anonymous,EN,,,,,,,,,,,,,,,,,,,,,,,,,,,,
2021-11-22 12:09:49,2021-11-22 12:11:41,IP Address,4,111,FALSE,2021-11-29 12:11:42,R_yEdb0cpM6u2NQyd,anonymous,EN,,,,,,,,,,,,,,,,,,,,,,,,,,,,
2021-11-22 12:18:31,2021-11-22 12:18:43,IP Address,4,11,FALSE,2021-11-29 12:18:44,R_2t9F9GjK9rf9xBc,anonymous,EN,,,,,,,,,,,,,,,,,,,,,,,,,,,,
2021-11-22 12:20:16,2021-11-22 12:21:30,IP Address,26,74,FALSE,2021-11-29 12:21:33,R_2CT9VhqjYEjfvUZ,anonymous,EN,21,Female,White or Caucasian,Fourth year,3.7,Graduate,,,,,,,,,,,,,,,,,,,,,,
2021-11-22 12:19:57,2021-11-22 12:22:32,IP Address,96,154,FALSE,2021-11-29 12:22:37,R_yHDfgxlQeJryyTn,anonymous,EN,24,Male,White or Caucasian,Fourth year,3.1,Undergraduate,Electrical Engineering,,,7-8 hours.,Yes,Yes,No,"Yes, rarely.",Yes,Yes,No,Never,,Yes,3-6 hours/day.,No,,Good,Ok,Good,Ok,Ok
2021-11-22 12:54:17,2021-11-22 12:55:08,IP Address,4,51,FALSE,2021-11-29 12:55:12,R_3ezAXgVsOceUVwV,anonymous,EN,,,,,,,,,,,,,,,,,,,,,,,,,,,,
2021-11-22 13:00:13,2021-11-22 13:00:59,IP Address,37,46,FALSE,2021-11-29 13:01:00,R_rqmuIII4DOxvlXX,anonymous,EN,18,Male,White or Caucasian,First year,3.5,Undergraduate,"Business, General",,,,,,,,,,,,,,,,,,,,,
2021-11-22 13:09:14,2021-11-22 13:11:39,IP Address,96,144,FALSE,2021-11-29 13:11:40,R_3ErHnHL8UdSW4SQ,anonymous,EN,19,Female,Hispanic or Latino,First year,,Combined Degree,,,Exercise Science and Athletic Training,6-7 hours.,No,No,Yes,"No, never.",Yes,Yes,No,Rarely,30-60 minutes.,Yes,1-3 hours/day.,Yes,3-6 hours/day.,Ok,Ok,Not Good,Not Good,Ok
2021-11-22 13:11:22,2021-11-22 13:11:48,IP Address,26,26,FALSE,2021-11-29 13:11:52,R_3D1uZ32sW5GWcRu,anonymous,EN,19,Male,White or Caucasian,Second year,3.5,Graduate,,,,,,,,,,,,,,,,,,,,,,
2021-11-22 13:09:25,2021-11-22 13:15:24,IP Address,78,358,FALSE,2021-11-29 13:15:29,R_31o428e0BBPeRVs,anonymous,EN,19,Male,Hispanic or Latino,First year,3.30,Undergraduate,Criminal Justice,,,6-7 hours.,No,No,Yes,"No, never.",Yes,Yes,No,Rarely,30-60 minutes.,Yes,,,,,,,,
2021-11-22 13:20:29,2021-11-22 13:23:42,IP Address,96,192,FALSE,2021-11-29 13:23:42,R_1IBmctSVPqGfBWZ,anonymous,EN,19,Male,White or Caucasian,Second year,3.2,Undergraduate,Philosophy,,,Less than 5 hours.,No,No,No,"Yes, I do it often.",Yes,Yes,No,Never,,Yes,I spend some time on personal activities a few times a week.,No,,Not Good,Bad,Bad,Bad,Ok
2021-11-22 13:36:45,2021-11-22 13:38:27,IP Address,56,101,FALSE,2021-11-29 13:38:28,R_25XfaCvc2sg34uR,anonymous,EN,25,Female,White or Caucasian,Fifth or more year,2.6,Undergraduate,Supply Chain Management,,,Less than 5 hours.,No,No,Yes,"Yes, I do it often.",,,,,,,,,,,,,,
2021-11-22 13:54:04,2021-11-22 13:54:19,IP Address,4,15,FALSE,2021-11-29 13:54:25,R_2wErZY3S3wB8wUt,anonymous,EN,,,,,,,,,,,,,,,,,,,,,,,,,,,,
2021-11-22 14:24:49,2021-11-22 14:25:03,IP Address,4,14,FALSE,2021-11-29 14:25:07,R_1LnBn5irhpUXaJr,anonymous,EN,,,,,,,,,,,,,,,,,,,,,,,,,,,,
2021-11-22 14:41:45,2021-11-22 14:42:16,IP Address,4,30,FALSE,2021-11-29 14:42:20,R_2Yb41NgitwCaqff,anonymous,EN,,,,,,,,,,,,,,,,,,,,,,,,,,,,
2021-11-22 14:52:21,2021-11-22 14:54:31,IP Address,96,130,FALSE,2021-11-29 14:54:34,R_3ly58dhBh4efwRg,anonymous,EN,,Female,White or Caucasian,First year,3.0,Graduate,,Criminal Justice,,7-8 hours.,Yes,Yes,No,"No, never.",No,No,,Never,,Yes,I spend some time on personal activities a few times a week.,Yes,1-3 hours/day.,Good,Ok,Ok,Good,Good
2021-11-29 15:52:58,2021-11-29 15:55:17,IP Address,100,139,TRUE,2021-11-29 15:55:17,R_XpJi0MDTp7fhQyt,anonymous,EN,25,Female,Asian or Pacific Islander,Fourth year,2.00,Undergraduate,Integrative Studies,,,7-8 hours.,Yes,Yes,Yes,"Yes, rarely.",Yes,Yes,No,Rarely,30-60 minutes.,No,,Yes,1-3 hours/day.,Not Good,Not Good,Bad,Bad,Ok
2021-11-22 16:30:18,2021-11-22 16:30:45,IP Address,4,26,FALSE,2021-11-29 16:30:47,R_3Dwnzcx4FEsGNQ2,anonymous,EN,,,,,,,,,,,,,,,,,,,,,,,,,,,,
2021-11-22 16:42:09,2021-11-22 16:42:33,IP Address,4,23,FALSE,2021-11-29 16:42:33,R_AdImZmLhwHPBRLj,anonymous,EN,,,,,,,,,,,,,,,,,,,,,,,,,,,,
2021-11-22 16:47:08,2021-11-22 16:47:29,IP Address,4,21,FALSE,2021-11-29 16:47:29,R_2vkTcaTMedK6kYh,anonymous,EN,,,,,,,,,,,,,,,,,,,,,,,,,,,,
2021-11-22 20:06:24,2021-11-22 20:08:39,IP Address,96,134,FALSE,2021-11-29 20:08:41,R_vdTEBc31hfjxAAx,anonymous,EN,22,Female,White or Caucasian,Fifth or more year,3.8,Undergraduate,Recreational Therapy,,,6-7 hours.,Yes,Yes,Yes,"No, never.",Yes,No,,A few times a week,30-60 minutes.,Yes,I am too busy with school/work to have regular leisure time in my schedule.,Yes,1-3 hours/day.,Ok,Ok,Not Good,Ok,Not Good
2021-11-22 23:29:04,2021-11-22 23:29:49,IP Address,4,44,FALSE,2021-11-29 23:29:49,R_3e915QQriuejkhE,anonymous,EN,,,,,,,,,,,,,,,,,,,,,,,,,,,,
2021-11-23 03:23:23,2021-11-23 03:24:08,IP Address,26,44,FALSE,2021-11-30 03:24:11,R_3ko058u1n2H6n28,anonymous,EN,25,Female,White or Caucasian,Fourth year,3.02,Undergraduate,,,,,,,,,,,,,,,,,,,,,,
2021-11-19 11:12:42,2021-11-23 11:54:08,IP Address,4,348085,FALSE,2021-11-30 11:54:10,R_RIdk06dw8HgJeJr,anonymous,EN,,,,,,,,,,,,,,,,,,,,,,,,,,,,
2021-11-30 12:53:31,2021-11-30 12:56:29,IP Address,100,178,TRUE,2021-11-30 12:56:29,R_1dBucbfXT0HGySs,anonymous,EN,25,Female,White or Caucasian,Fifth or more year,3.80,Undergraduate,English,,,6-7 hours.,No,No,Yes,"Yes, rarely.",Yes,Yes,No,Rarely,Less than 30 minutes.,Yes,1-3 hours/day.,Yes,1-3 hours/day.,,Good,Not Good,Ok,Good
2021-11-30 18:01:38,2021-11-30 18:04:11,IP Address,100,152,TRUE,2021-11-30 18:04:11,R_PTM7rUXV7LiPHk5,anonymous,EN,20,Female,White or Caucasian,Third year,3.00,Undergraduate,"Biomedical Sciences,Management, General",,,7-8 hours.,No,No,Yes,"No, never.",Yes,Yes,No,A few times a week,30-60 minutes.,Yes,1-3 hours/day.,Yes,Less than 1 hour/day.,Ok,Not Good,Bad,Not Good,Not Good
2021-12-01 18:42:45,2021-12-01 18:46:16,IP Address,100,210,TRUE,2021-12-01 18:46:16,R_pnQAoCPg3p6HJBv,anonymous,EN,19,Female,White or Caucasian,First year,3.8,Undergraduate,Biomedical Sciences,,,5-6 hours.,No,Yes,Yes,"Yes, rarely.",Yes,Yes,No,A few times a week,More than 90 minutes.,Yes,3-6 hours/day.,Yes,1-3 hours/day.,Good,Ok,Good,Ok,Ok
2021-12-06 12:29:01,2021-12-06 12:31:45,IP Address,100,164,TRUE,2021-12-06 12:31:45,R_3Ja5wCbu3wHQjlC,anonymous,EN,23,Female,,Fourth year,3.05,Undergraduate,Health Information Management,,,6-7 hours.,No,Yes,Yes,"No, never.",Yes,Yes,No,Never,,Yes,I spend some time on personal activities a few times a week.,Yes,6-9 hours/day.,Ok,Ok,Ok,Ok,Ok